hgnc_id	CSRA	AF	AFR_AF	AMR_AF	EAS_AF	EUR_AF
HGNC:30500	16_29813694_GC_G	0.00001338	0	0.00006657	0	0.00001491
HGNC:30500	16_29813694_G_GC	0.0001472	0.0001727	0.00006653	0.0003906	0.000164
HGNC:11117	SMN1_del	0.009721589	0.007127175	0.008762535	0.00819553	0.010592627
HGNC:2600	30kb_del	0.007970056	0.004792332	0.007571509	0.008795309	0.007883709
HGNC:4823	HBA1_del_combined	0.030579961	0.164906103	0.033364884	0.016436398	0.011224848
HGNC:9905	hypomorph_1_145927328_C_G	0.005471	0.00048	0.001364	0	0.00671
HGNC:9905	hypomorph_1_145927447_C_T	0.01794	0.005741	0.01204	0	0.02774
HGNC:9905	hypomorph_1_145925876_G_C	0.01742	0.1483	0.007266	0.006776	0.00007964
HGNC:9905	hypomorph_1_145927445_C_A	0.000008382	0	0	0	0.00001851
HGNC:11605	hypomorph_16_30094181_T_C	0.2771	0.06355	0.3345	0.4418	0.3386
HGNC:10979	22_19178649_C_CGCGCGGG	0.00006876	0	0	0	0.0001361
